ROI	x	y	z
Precentral_L	-38.43	-7.46	49.14
Frontal_Sup_2_L	-19.67	35.46	34.74
Frontal_Mid_2_L	-35.03	32.37	29.44
Frontal_Inf_Oper_L	-48.30	10.99	17.30
Frontal_Inf_Tri_L	-45.39	28.17	12.08
Frontal_Inf_Orb_2_L	-40.87	30.56	-8.58
Rolandic_Oper_L	-46.88	-10.25	12.14
Supp_Motor_Area_L	-5.19	3.05	59.56
Olfactory_L	-7.37	13.51	-12.60
Frontal_Sup_Medial_L	-4.67	47.39	29.14
Frontal_Med_Orb_L	-4.94	52.02	-9.36
Rectus_L	-4.94	35.21	-20.07
OFCmed_L	-13.74	35.12	-21.58
OFCant_L	-24.54	46.26	-16.61
OFCpost_L	-28.16	22.90	-20.00
OFClat_L	-42.03	39.36	-15.62
Insula_L	-34.91	4.94	1.67
Cingulate_Mid_L	-5.38	-16.60	39.71
Cingulate_Post_L	-4.71	-44.67	22.78
Hippocampus_L	-24.76	-22.46	-11.88
ParaHippocampal_L	-20.99	-17.79	-22.42
Amygdala_L	-23.01	-2.45	-18.95
Calcarine_L	-6.98	-80.32	4.60
Cuneus_L	-5.76	-81.86	25.40
Lingual_L	-14.36	-69.36	-6.51
Occipital_Sup_L	-16.26	-86.11	26.35
Occipital_Mid_L	-32.15	-82.49	14.30
Occipital_Inf_L	-35.98	-80.07	-9.66
Fusiform_L	-30.89	-41.88	-22.11
Postcentral_L	-42.40	-24.28	46.96
Parietal_Sup_L	-23.21	-61.31	57.16
Parietal_Inf_L	-42.61	-47.52	44.92
SupraMarginal_L	-55.65	-35.44	28.62
Angular_L	-43.93	-62.58	33.78
Precuneus_L	-7.09	-57.82	46.14
Paracentral_Lobule_L	-7.47	-27.15	68.19
Caudate_L	-12.17	8.56	10.66
Putamen_L	-23.89	2.00	0.70
Pallidum_L	-17.56	-1.86	-1.54
Heschl_L	-41.85	-20.54	8.18
Temporal_Sup_L	-52.94	-22.51	5.34
Temporal_Pole_Sup_L	-39.65	13.37	-21.94
Temporal_Mid_L	-55.37	-35.48	-4.08
Temporal_Pole_Mid_L	-36.24	12.80	-35.87
Temporal_Inf_L	-49.54	-29.79	-25.02
Cerebellum_Crus1_L	-34.89	-68.44	-30.76
Cerebellum_Crus2_L	-27.27	-75.08	-39.94
Cerebellum_3_L	-7.62	-38.87	-20.28
Cerebellum_4_5_L	-13.84	-45.16	-18.76
Cerebellum_6_L	-22.03	-60.76	-23.98
Cerebellum_7b_L	-31.09	-61.55	-47.25
Cerebellum_8_L	-24.53	-56.27	-49.55
Cerebellum_9_L	-9.75	-50.69	-47.74
Cerebellum_10_L	-21.29	-35.50	-43.57
Thal_AV_L	-5.95	-6.86	8.02
Thal_LP_L	-9.86	-16.92	14.75
Thal_VA_L	-10.71	-5.02	3.78
Thal_VL_L	-13.40	-12.27	6.85
Thal_VPL_L	-17.77	-21.44	5.35
Thal_IL_L	-9.75	-18.04	-0.30
Thal_Re_L	-5.50	-8.88	-4.00
Thal_MDm_L	-4.76	-15.71	4.28
Thal_MDl_L	-7.63	-14.60	5.06
Thal_LGN_L	-22.65	-24.74	-5.61
Thal_MGN_L	-15.57	-24.91	-5.58
Thal_PuI_L	-17.65	-29.75	-0.29
Thal_PuM_L	-13.29	-28.26	6.37
Thal_PuA_L	-12.33	-23.00	6.74
Thal_PuL_L	-18.72	-25.44	10.40
ACC_sub_L	-3.62	30.38	-6.00
ACC_pre_L	-4.46	43.17	6.71
ACC_sup_L	-3.31	24.80	22.56
N_Acc_L	-7.74	12.27	-7.73
VTA_L	-3.06	-20.83	-17.59
SN_pc_L	-7.96	-18.55	-14.55
SN_pr_L	-9.78	-15.27	-13.78
Red_N_L	-4.31	-19.72	-10.52
LC_L	-4.40	-34.98	-27.06
Precentral_R	41.60	-10.05	50.31
Frontal_Sup_2_R	23.05	32.69	36.84
Frontal_Mid_2_R	39.27	32.38	28.82
Frontal_Inf_Oper_R	50.43	13.18	19.70
Frontal_Inf_Tri_R	50.56	28.40	12.32
Frontal_Inf_Orb_2_R	46.33	32.92	-8.49
Rolandic_Oper_R	52.88	-8.04	12.83
Supp_Motor_Area_R	8.75	-1.59	60.01
Olfactory_R	10.68	14.15	-13.17
Frontal_Sup_Medial_R	9.25	49.03	28.43
Frontal_Med_Orb_R	8.33	49.91	-9.02
Rectus_R	8.50	33.95	-19.94
OFCmed_R	16.92	36.60	-21.76
OFCant_R	29.10	47.96	-16.68
OFCpost_R	33.53	24.36	-19.89
OFClat_R	48.26	36.22	-16.74
Insula_R	39.22	4.52	0.31
Cingulate_Mid_R	8.16	-10.70	37.94
Cingulate_Post_R	7.68	-43.59	19.97
Hippocampus_R	29.45	-21.49	-12.08
ParaHippocampal_R	25.65	-16.80	-22.24
Amygdala_R	27.56	-1.07	-19.31
Calcarine_R	16.21	-74.95	7.52
Cuneus_R	13.69	-81.09	26.35
Lingual_R	16.58	-68.64	-5.72
Occipital_Sup_R	24.46	-82.71	28.77
Occipital_Mid_R	37.63	-81.49	17.57
Occipital_Inf_R	38.37	-83.69	-9.49
Fusiform_R	34.16	-40.70	-22.03
Postcentral_R	41.66	-27.27	50.75
Parietal_Sup_R	26.34	-60.93	60.21
Parietal_Inf_R	46.79	-48.09	47.69
SupraMarginal_R	57.76	-33.32	32.63
Angular_R	45.73	-61.74	36.82
Precuneus_R	10.19	-57.81	41.86
Paracentral_Lobule_R	7.63	-33.44	66.29
Caudate_R	15.75	10.01	10.08
Putamen_R	28.01	3.17	0.71
Pallidum_R	21.42	-1.56	-1.59
Heschl_R	46.38	-18.64	8.54
Temporal_Sup_R	58.33	-23.51	4.92
Temporal_Pole_Sup_R	48.44	12.96	-18.69
Temporal_Mid_R	57.66	-39.07	-3.28
Temporal_Pole_Mid_R	44.54	12.75	-34.02
Temporal_Inf_R	53.88	-32.64	-24.23
Cerebellum_Crus1_R	38.71	-68.87	-31.35
Cerebellum_Crus2_R	33.17	-70.90	-41.70
Cerebellum_3_R	13.56	-36.21	-21.10
Cerebellum_4_5_R	18.39	-44.66	-19.85
Cerebellum_6_R	25.93	-60.04	-25.44
Cerebellum_7b_R	34.43	-64.91	-50.26
Cerebellum_8_R	26.27	-58.13	-51.30
Cerebellum_9_R	10.69	-51.25	-48.12
Cerebellum_10_R	27.31	-35.52	-43.14
Thal_AV_R	5.34	-5.62	7.72
Thal_LP_R	8.39	-14.70	14.08
Thal_VA_R	10.33	-3.80	3.47
Thal_VL_R	12.88	-11.09	6.45
Thal_VPL_R	16.81	-20.39	4.88
Thal_IL_R	9.38	-17.05	-0.37
Thal_Re_R	5.50	-9.12	-4.25
Thal_MDm_R	4.26	-15.12	3.77
Thal_MDl_R	7.21	-13.67	4.40
Thal_LGN_R	21.74	-24.78	-5.03
Thal_MGN_R	15.33	-24.48	-5.48
Thal_PuI_R	16.72	-28.87	-0.50
Thal_PuM_R	12.26	-27.06	6.51
Thal_PuA_R	11.32	-21.82	6.63
Thal_PuL_R	16.25	-23.08	11.78
ACC_sub_R	5.98	31.29	-4.92
ACC_pre_R	9.33	42.77	12.23
ACC_sup_R	8.40	27.02	20.67
N_Acc_R	10.22	12.41	-7.56
VTA_R	4.86	-20.83	-17.54
SN_pc_R	9.09	-18.22	-14.63
SN_pr_R	10.98	-14.86	-13.97
Red_N_R	5.95	-19.37	-10.55
LC_R	6.02	-35.26	-27.74
Vermis_1_2	1.96	-40.68	-21.87
Vermis_3	2.55	-41.79	-13.22
Vermis_4_5	2.33	-54.09	-7.90
Vermis_6	2.27	-68.85	-16.89
Vermis_7	2.37	-73.70	-26.85
Vermis_8	2.31	-66.15	-35.85
Vermis_9	2.11	-56.67	-36.80
Vermis_10	1.64	-47.62	-33.38
Raphe_D	0.63	-26.88	-10.34
Raphe_M	-0.05	-30.08	-21.95
